<?xml version="1.0" encoding="UTF-8"?>
<!DOCTYPE filesystem PUBLIC "-//NetBeans//DTD Filesystem 1.2//EN" "http://www.netbeans.org/dtds/filesystem-1_2.dtd">
<filesystem>
    <folder name="Templates">
        <folder name="Project">
            <folder name="Palm Pre">
                <file name="PalmTemplateProject.zip" url="PalmTemplateProject.zip">
                    <attr name="SystemFileSystem.icon" urlvalue="nbresloc:/com/barmeier/palm/images/icon.png"/>
                    <attr name="displayName" bundlevalue="com.barmeier.palm.Bundle#Templates/Project/Standard/PalmTemplateProject.zip"/>
                    <attr name="instantiatingIterator" methodvalue="com.barmeier.palm.PalmTemplateWizardIterator.createIterator"/>
                    <attr name="instantiatingWizardURL" urlvalue="nbresloc:/com/barmeier/palm/PalmTemplateDescription.html"/>
                    <attr name="template" boolvalue="true"/>
                </file>
            </folder>
        </folder>
    </folder>
</filesystem>
